<?xml version="1.0" encoding="UTF-8" standalone="no"?>
<root>
<metaItem>
<name>文件层级</name>
<key>level</key>
<type>varchar</type>
<length>64</length>
<source>生产系统</source>
<unique>/</unique>
<constrain>必填</constrain>
<node>项目策划</node>
<method>自动</method>
<range>文件级</range>
<notation>null</notation>
<value>文件级</value>
</metaItem>
<metaItem>
<name>载体</name>
<key>carrier</key>
<type>varchar</type>
<length>64</length>
<source>生产系统</source>
<unique>/</unique>
<constrain>必填</constrain>
<node>归档总结</node>
<method>自动</method>
<range>电子</range>
<notation>null</notation>
<value>电子</value>
</metaItem>
<metaItem>
<name>单位</name>
<key>dept</key>
<type>varchar</type>
<length>64</length>
<source>生产系统</source>
<unique>/</unique>
<constrain>/</constrain>
<node>归档总结</node>
<method>自动</method>
<range>M</range>
<notation>电子文件容量单位</notation>
<value>null</value>
</metaItem>
<metaItem>
<name>数量或大小</name>
<key>countsize</key>
<type>int</type>
<length>11</length>
<source>生产系统</source>
<unique>/</unique>
<constrain>必填</constrain>
<node>归档总结</node>
<method>自动</method>
<range>/</range>
<notation>null</notation>
<value>null</value>
</metaItem>
<metaItem>
<name>格式名称</name>
<key>layoutname</key>
<type>varchar</type>
<length>64</length>
<source>生产系统</source>
<unique>/</unique>
<constrain>必填</constrain>
<node>归档总结</node>
<method>自动</method>
<range>/</range>
<notation>电子文件格式分类</notation>
<value>null</value>
</metaItem>
<metaItem>
<name>存址</name>
<key>address</key>
<type>varchar</type>
<length>64</length>
<source>数字档案馆系统</source>
<unique>/</unique>
<constrain>必填</constrain>
<node>归档总结</node>
<method>自动</method>
<range>电子路径</range>
<notation>电子路径</notation>
<value>null</value>
</metaItem>
<metaItem>
<name>文档创建程序名称</name>
<key>creatprg</key>
<type>varchar</type>
<length>64</length>
<source>生产系统</source>
<unique>/</unique>
<constrain>/</constrain>
<node>归档总结</node>
<method>自动</method>
<range>/</range>
<notation>null</notation>
<value>null</value>
</metaItem>
<metaItem>
<name>计算机文件名</name>
<key>cfilename</key>
<type>varchar</type>
<length>64</length>
<source>生产系统</source>
<unique>/</unique>
<constrain>/</constrain>
<node>归档总结</node>
<method>自动</method>
<range>/</range>
<notation>文件命名规范</notation>
<value>null</value>
</metaItem>
<metaItem>
<name>设计资质</name>
<key>design_zizhi</key>
<type>varchar</type>
<length>64</length>
<source>生产系统</source>
<unique>/</unique>
<constrain>/</constrain>
<node>项目策划</node>
<method>自动</method>
<range>/</range>
<notation>设计资质分类方案</notation>
<value>null</value>
</metaItem>
<metaItem>
<name>子项编号</name>
<key>itemno</key>
<type>varchar</type>
<length>64</length>
<source>生产系统</source>
<unique>/</unique>
<constrain>/</constrain>
<node>项目策划</node>
<method>自动</method>
<range>/</range>
<notation>设计阶段分类方案</notation>
<value>1990</value>
</metaItem>
<metaItem>
<name>专业编号</name>
<key>specialcode</key>
<type>varchar</type>
<length>64</length>
<source>生产系统</source>
<unique>/</unique>
<constrain>/</constrain>
<node>项目策划</node>
<method>自动</method>
<range>/</range>
<notation>项目策划方案</notation>
<value>I</value>
</metaItem>
<metaItem>
<name>归档专业</name>
<key>gdspecial</key>
<type>varchar</type>
<length>64</length>
<source>生产系统</source>
<unique>/</unique>
<constrain>/</constrain>
<node>项目策划</node>
<method>自动</method>
<range>建筑、结构、机电</range>
<notation>建筑、结构、机电</notation>
<value>室内</value>
</metaItem>
<metaItem>
<name>文件分类</name>
<key>filetype</key>
<type>varchar</type>
<length>64</length>
<source>生产系统</source>
<unique>/</unique>
<constrain>/</constrain>
<node>项目策划</node>
<method>自动</method>
<range>/</range>
<notation>文件分类方案</notation>
<value>null</value>
</metaItem>
<metaItem>
<name>文件类别</name>
<key>fileleibie</key>
<type>varchar</type>
<length>64</length>
<source>生产系统</source>
<unique>/</unique>
<constrain>/</constrain>
<node>项目策划</node>
<method>自动</method>
<range>/</range>
<notation>文件分类方案</notation>
<value>null</value>
</metaItem>
<metaItem>
<name>文件类别编码</name>
<key>leibiecode</key>
<type>varchar</type>
<length>64</length>
<source>生产系统</source>
<unique>/</unique>
<constrain>/</constrain>
<node>项目策划</node>
<method>自动</method>
<range>/</range>
<notation>文件类别分类方案</notation>
<value>null</value>
</metaItem>
<metaItem>
<name>文件类别序号</name>
<key>leibiexuhao</key>
<type>varchar</type>
<length>64</length>
<source>生产系统</source>
<unique>/</unique>
<constrain>/</constrain>
<node>项目策划</node>
<method>自动</method>
<range>/</range>
<notation>序号</notation>
<value>null</value>
</metaItem>
<metaItem>
<name>关联文件</name>
<key>rfile</key>
<type>varchar</type>
<length>64</length>
<source>生产系统</source>
<unique>/</unique>
<constrain>/</constrain>
<node>项目策划</node>
<method>自动</method>
<range>/</range>
<notation>null</notation>
<value>null</value>
</metaItem>
<metaItem>
<name>文件是否必归</name>
<key>ismust</key>
<type>varchar</type>
<length>64</length>
<source>生产系统</source>
<unique>/</unique>
<constrain>/</constrain>
<node>项目策划</node>
<method>自动</method>
<range>是、否</range>
<notation>是、否</notation>
<value>null</value>
</metaItem>
<metaItem>
<name>文件捕获节点</name>
<key>ctpoint</key>
<type>varchar</type>
<length>64</length>
<source>生产系统</source>
<unique>/</unique>
<constrain>/</constrain>
<node>归档总结</node>
<method>自动</method>
<range>/</range>
<notation>生产流程节点</notation>
<value>null</value>
</metaItem>
<metaItem>
<name>文件来源</name>
<key>filesrc</key>
<type>varchar</type>
<length>64</length>
<source>生产系统</source>
<unique>/</unique>
<constrain>/</constrain>
<node>施工图审查</node>
<method>自动</method>
<range>/</range>
<notation>生产流程节点</notation>
<value>pds</value>
</metaItem>
<metaItem>
<name>工程编号</name>
<key>prjno</key>
<type>varchar</type>
<length>64</length>
<source>生产系统</source>
<unique>是</unique>
<constrain>必填</constrain>
<node>项目策划</node>
<method>自动</method>
<range>/</range>
<notation>工程编号规范</notation>
<value>21519E0005</value>
</metaItem>
<metaItem>
<name>工程名称</name>
<key>prjname</key>
<type>varchar</type>
<length>64</length>
<source>生产系统</source>
<unique>/</unique>
<constrain>必填</constrain>
<node>项目策划</node>
<method>自动</method>
<range>/</range>
<notation>null</notation>
<value>黄浦区五里桥街道104街坊39-1地块住宅项目-SJ1506-056</value>
</metaItem>
<metaItem>
<name>子项名称</name>
<key>itemname</key>
<type>varchar</type>
<length>64</length>
<source>生产系统</source>
<unique>/</unique>
<constrain>/</constrain>
<node>项目策划</node>
<method>自动</method>
<range>/</range>
<notation>null</notation>
<value>1号楼-SJ1506-056</value>
</metaItem>
<metaItem>
<name>设计阶段</name>
<key>phasename</key>
<type>varchar</type>
<length>64</length>
<source>生产系统</source>
<unique>/</unique>
<constrain>必填</constrain>
<node>项目策划</node>
<method>自动</method>
<range>/</range>
<notation>阶段分类方案</notation>
<value>施工图设计</value>
</metaItem>
<metaItem>
<name>设计专业</name>
<key>specialname</key>
<type>varchar</type>
<length>64</length>
<source>生产系统</source>
<unique>/</unique>
<constrain>必填</constrain>
<node>项目策划</node>
<method>自动</method>
<range>/</range>
<notation>专业分类方案：建筑、结构、给排水、强电、弱电、暖通、动力</notation>
<value>施工图设计</value>
</metaItem>
<metaItem>
<name>设计单位</name>
<key>jsdwname</key>
<type>varchar</type>
<length>64</length>
<source>生产系统</source>
<unique>/</unique>
<constrain>必填</constrain>
<node>项目策划</node>
<method>自动</method>
<range>/</range>
<notation>设计单位分类方案</notation>
<value>华东建筑设计研究院有限公司</value>
</metaItem>
<metaItem>
<name>建设单位</name>
<key>jsname</key>
<type>varchar</type>
<length>64</length>
<source>生产系统</source>
<unique>/</unique>
<constrain>必填</constrain>
<node>项目策划</node>
<method>自动</method>
<range>/</range>
<notation>null</notation>
<value>上海商业会计学校</value>
</metaItem>
<metaItem>
<name>合作设计单位</name>
<key>hzdwname</key>
<type>varchar</type>
<length>64</length>
<source>生产系统</source>
<unique>/</unique>
<constrain>/</constrain>
<node>项目策划</node>
<method>自动</method>
<range>/</range>
<notation>null</notation>
<value>null</value>
</metaItem>
<metaItem>
<name>图纸编号</name>
<key>picno</key>
<type>varchar</type>
<length>64</length>
<source>生产系统</source>
<unique>/</unique>
<constrain>必填</constrain>
<node>项目策划</node>
<method>自动</method>
<range>/</range>
<notation>图纸命名方案</notation>
<value>I-1号楼-TD-002</value>
</metaItem>
<metaItem>
<name>图纸名称</name>
<key>picname</key>
<type>varchar</type>
<length>64</length>
<source>生产系统</source>
<unique>/</unique>
<constrain>必填</constrain>
<node>项目策划</node>
<method>自动</method>
<range>/</range>
<notation>图纸命名方案</notation>
<value>各户型通用装饰节点详图（二） (ID 135861)</value>
</metaItem>
<metaItem>
<name>版次</name>
<key>version</key>
<type>varchar</type>
<length>64</length>
<source>生产系统</source>
<unique>/</unique>
<constrain>必填</constrain>
<node>项目策划</node>
<method>自动</method>
<range>/</range>
<notation>null</notation>
<value>null</value>
</metaItem>
<metaItem>
<name>电子源文件</name>
<key>annexsrc</key>
<type>varchar</type>
<length>64</length>
<source>生产系统</source>
<unique>/</unique>
<constrain>必填</constrain>
<node>项目策划</node>
<method>自动</method>
<range>/</range>
<notation>null</notation>
<value>室内</value>
</metaItem>
<metaItem>
<name>预览文件</name>
<key>tiffile</key>
<type>varchar</type>
<length>64</length>
<source>生产系统</source>
<unique>/</unique>
<constrain>必填</constrain>
<node>项目策划</node>
<method>自动</method>
<range>/</range>
<notation>null</notation>
<value>null</value>
</metaItem>
<metaItem>
<name>扫描件</name>
<key>pdffile</key>
<type>varchar</type>
<length>64</length>
<source>生产系统</source>
<unique>/</unique>
<constrain>必填</constrain>
<node>项目策划</node>
<method>自动</method>
<range>/</range>
<notation>null</notation>
<value>null</value>
</metaItem>
<metaItem>
<name>图幅</name>
<key>map</key>
<type>varchar</type>
<length>64</length>
<source>生产系统</source>
<unique>/</unique>
<constrain>必填</constrain>
<node>项目策划</node>
<method>自动</method>
<range>/</range>
<notation>null</notation>
<value>A2</value>
</metaItem>
<metaItem>
<name>比例</name>
<key>proportion</key>
<type>varchar</type>
<length>64</length>
<source>生产系统</source>
<unique>/</unique>
<constrain>必填</constrain>
<node>项目策划</node>
<method>自动</method>
<range>/</range>
<notation>null</notation>
<value>1:05</value>
</metaItem>
<metaItem>
<name>设计人</name>
<key>designer</key>
<type>varchar</type>
<length>64</length>
<source>生产系统</source>
<unique>/</unique>
<constrain>必填</constrain>
<node>项目策划</node>
<method>自动</method>
<range>/</range>
<notation>null</notation>
<value>王丽(wangli)</value>
</metaItem>
<metaItem>
<name>绘图人</name>
<key>draftsman</key>
<type>varchar</type>
<length>64</length>
<source>生产系统</source>
<unique>/</unique>
<constrain>必填</constrain>
<node>项目策划</node>
<method>自动</method>
<range>/</range>
<notation>null</notation>
<value>王丽(wangli)</value>
</metaItem>
<metaItem>
<name>校对人</name>
<key>proofreader</key>
<type>varchar</type>
<length>64</length>
<source>生产系统</source>
<unique>/</unique>
<constrain>必填</constrain>
<node>项目策划</node>
<method>自动</method>
<range>/</range>
<notation>null</notation>
<value>吴家巍(wujw)</value>
</metaItem>
<metaItem>
<name>审核人</name>
<key>reviewer</key>
<type>varchar</type>
<length>64</length>
<source>生产系统</source>
<unique>/</unique>
<constrain>必填</constrain>
<node>项目策划</node>
<method>自动</method>
<range>/</range>
<notation>null</notation>
<value>佘海峰(shehf)</value>
</metaItem>
<metaItem>
<name>审定人</name>
<key>reader</key>
<type>varchar</type>
<length>64</length>
<source>生产系统</source>
<unique>/</unique>
<constrain>必填</constrain>
<node>项目策划</node>
<method>自动</method>
<range>/</range>
<notation>null</notation>
<value>佘海峰(shehf)</value>
</metaItem>
<metaItem>
<name>专业负责人</name>
<key>specialmanager</key>
<type>varchar</type>
<length>64</length>
<source>生产系统</source>
<unique>/</unique>
<constrain>必填</constrain>
<node>项目策划</node>
<method>自动</method>
<range>/</range>
<notation>null</notation>
<value>王丽(wangli)</value>
</metaItem>
<metaItem>
<name>设计总负责人</name>
<key>designmater</key>
<type>varchar</type>
<length>64</length>
<source>生产系统</source>
<unique>/</unique>
<constrain>必填</constrain>
<node>项目策划</node>
<method>自动</method>
<range>/</range>
<notation>null</notation>
<value>顾成竹(gucz)</value>
</metaItem>
<metaItem>
<name>出图日期</name>
<key>phdate</key>
<type>date</type>
<length>64</length>
<source>生产系统</source>
<unique>/</unique>
<constrain>必填</constrain>
<node>项目策划</node>
<method>自动</method>
<range>/</range>
<notation>null</notation>
<value>null</value>
</metaItem>
<metaItem>
<name>图纸方向</name>
<key>pospic</key>
<type>varchar</type>
<length>64</length>
<source>生产系统</source>
<unique>/</unique>
<constrain>必填</constrain>
<node>项目策划</node>
<method>自动</method>
<range>横向、竖向</range>
<notation>null</notation>
<value>横</value>
</metaItem>
<metaItem>
<name>二维码</name>
<key>qrcode</key>
<type>varchar</type>
<length>64</length>
<source>生产系统</source>
<unique>/</unique>
<constrain>必填</constrain>
<node>项目策划</node>
<method>自动</method>
<range>/</range>
<notation>null</notation>
<value>null</value>
</metaItem>
<metaItem>
<name>缩略图</name>
<key>thumbnail</key>
<type>varchar</type>
<length>64</length>
<source>生产系统</source>
<unique>/</unique>
<constrain>/</constrain>
<node>项目策划</node>
<method>自动</method>
<range>/</range>
<notation>null</notation>
<value>null</value>
</metaItem>
<metaItem>
<name>备注</name>
<key>remark</key>
<type>varchar</type>
<length>64</length>
<source>生产系统</source>
<unique>/</unique>
<constrain>/</constrain>
<node>项目策划</node>
<method>自动</method>
<range>/</range>
<notation>null</notation>
<value>null</value>
</metaItem>
<logs>null</logs>
</root>
